Dept,Circonscription,Incumbent,Incumbent_Party,Elected deputy,Party,Votes,Perc,Dept_code,Circ_code,,,,,,,,,
Ain,1st,Xavier Breton,UDC,Xavier Breton,UDC,"24,407",63.22%,001,01,,,,,,,,,
Ain,2nd,Charles de la Verpillière*,UDC,Romain Daubié,Ensemble,"24,960",58.34%,001,02,,,,,,,,,
Ain,3rd,Olga Givernet,Ensemble,Olga Givernet,Ensemble,"18,398",58.72%,001,03,,,,,,,,,
Ain,4th,Stéphane Trompille,Ensemble,Jérôme Buisson,RN,"22,601",62.27%,001,04,,,,,,,,,
Ain,5th,Damien Abad,Ensemble,Damien Abad,Ensemble,"17,687",57.86%,001,05,,,,,,,,,
Aisne,1st,Aude Bono-Vandorme,Ensemble,Nicolas Dragon,RN,"17,058",54.56%,002,01,,,,,,,,,
Aisne,2nd,Julien Dive,UDC,Julien Dive,UDC,"17,463",58.17%,002,02,,,,,,,,,
Aisne,3rd,Jean-Louis Bricout,NUPES,Jean-Louis Bricout,NUPES,"15,586",54.84%,002,03,,,,,,,,,
Aisne,4th,Marc Delatte,Ensemble,José Beaurain,RN,"17,587",57.15%,002,04,,,,,,,,,
Aisne,5th,Jacques Krabal*,Ensemble,Jocelyn Dessigny,RN,"20,589",62.41%,002,05,,,,,,,,,
Allier,1st,Jean-Paul Dufrègne*,NUPES,Yannick Monnet,NUPES,"21,832",55.51%,003,01,,,,,,,,,
Allier,2nd,Laurence Vanceunebrock-Mialon,Ensemble,Jorys Bovet,RN,"16,116",50.22%,003,02,,,,,,,,,
Allier,3rd,Bénédicte Peyrol,Ensemble,Nicolas Ray,UDC,"19,296",60.98%,003,03,,,,,,,,,
Alpes-de-Haute-Provence,1st,Delphine Bagarry,NUPES,Christian Girard,RN,"14,791",51.20%,004,01,,,,,,,,,
Alpes-de-Haute-Provence,2nd,Christophe Castaner,Ensemble,Léo Walter,NUPES,"16,063",51.49%,004,02,,,,,,,,,
Hautes-Alpes,1st,Pascale Boyer,Ensemble,Pascale Boyer,Ensemble,"13,767",50.36%,005,01,,,,,,,,,
Hautes-Alpes,2nd,Claire Bouchet,Ensemble,Joel Giraud,Ensemble,"15,058",56.59%,005,02,,,,,,,,,
Alpes-Maritimes,1st,Éric Ciotti,UDC,Éric Ciotti,UDC,"17,737",56.33%,006,01,,,,,,,,,
Alpes-Maritimes,2nd,Loïc Dombreval,Ensemble,Lionel Tivoli,RN,"18,557",51.65%,006,02,,,,,,,,,
Alpes-Maritimes,3rd,Cédric Roussel*,Ensemble,Philippe Pradal,Ensemble,"19,043",57.44%,006,03,,,,,,,,,
Alpes-Maritimes,4th,Alexandra Valetta-Ardisson,Ensemble,Alexandra Masson,RN,"19,487",56.20%,006,04,,,,,,,,,
Alpes-Maritimes,5th,Marine Brenier,Ensemble,Christelle d’Intorni,UDC,19.814,57.54%,006,05,,,,,,,,,
Alpes-Maritimes,6th,Laurence Trastour-Isnart,UDC,Bryan Masson,RN,"17,564",51.35%,006,06,,,,,,,,,
Alpes-Maritimes,7th,Éric Pauget,UDC,Éric Pauget,UDC,"22,496",58.84%,006,07,,,,,,,,,
Alpes-Maritimes,8th,Bernard Brochand,UDC,Alexandra Martin,UDC,"21,547",69.27%,006,08,,,,,,,,,
Alpes-Maritimes,9th,Michèle Tabarot,UDC,Michèle Tabarot,UDC,"19,998",63.20%,006,09,,,,,,,,,
Ardèche,1st,Hervé Saulignac,NUPES,Hervé Saulignac,NUPES,"21,550",60.05%,007,01,,,,,,,,,
Ardèche,2nd,Michèle Victory*,NUPES,Olivier Dussopt,Ensemble,"25,684",58.86%,007,02,,,,,,,,,
Ardèche,3rd,Fabrice Brun,UDC,Fabrice Brun,UDC,"24,896",57.11%,007,03,,,,,,,,,
Ardennes,1st,Bérengère Poletti,UDC,Lionel Vuibert,Ensemble,"14,861",50.34%,008,01,,,,,,,,,
Ardennes,2nd,Pierre Cordier,UDC,Pierre Cordier,UDC,"15,977",69.39%,008,02,,,,,,,,,
Ardennes,3rd,Jean-Luc Warsmann,UDC,Jean-Luc Warsmann,UDC,"15,575",67.75%,008,03,,,,,,,,,
Ariège,1st,Bénédicte Taurine,NUPES,Bénédicte Taurine,NUPES,"14,746",55.31%,009,01,,,,,,,,,
Ariège,2nd,Michel Larive,NUPES,Laurent Panifous,DVG,"16,225",56.71%,009,02,,,,,,,,,
Aube,1st,Grégory Besson-Moreau,Ensemble,Jordan Guitton,RN,"16,093",53.89%,010,01,,,,,,,,,
Aube,2nd,Valérie Bazin-Malgras,UDC,Valérie Bazin-Malgras,UDC,"19,730",59.51%,010,02,,,,,,,,,
Aube,3rd,Gérard Menuel*,UDC,Angélique Ranc,RN,"13,913",51.65%,010,03,,,,,,,,,
Aude,1st,Danièle Hérin,Ensemble,Christophe Barthes,RN,"23,914",53.56%,011,01,,,,,,,,,
Aude,2nd,Alain Péréa,Ensemble,Frédéric Falcon,RN,"20,719",52.53%,011,02,,,,,,,,,
Aude,3rd,Mireille Robert,Ensemble,Julien Rancoule,RN,"22,725",53.32%,011,03,,,,,,,,,
Aveyron,1st,Stéphane Mazars,Ensemble,Stéphane Mazars,Ensemble,"23,137",63.83%,012,01,,,,,,,,,
Aveyron,2nd,Anne Blanc,Ensemble,Laurent Alexandre,NUPES,"17,354",50.99%,012,02,,,,,,,,,
Aveyron,3rd,Sébastien David*,UDC,Jean-François Rousset,Ensemble,"18,834",53.71%,012,03,,,,,,,,,
Bouches-du-Rhône,1st,Julien Ravier*,UDC,Sabrina Agresti-Roubache,Ensemble,"15,459",50.79%,013,01,,,,,,,,,
Bouches-du-Rhône,2nd,Claire Pitollat,Ensemble,Claire Pitollat,Ensemble,"22,005",61.64%,013,02,,,,,,,,,
Bouches-du-Rhône,3rd,Alexandra Louis,Ensemble,Gisèle Lelouis,RN,"14,300",54.96%,013,03,,,,,,,,,
Bouches-du-Rhône,4th,Jean-Luc Mélenchon,NUPES,Manuel Bompard,NUPES,"17,118",73.92%,013,04,,,,,,,,,
Bouches-du-Rhône,5th,Cathy Racon-Bouzon,Ensemble,Hendrik Davi,NUPES,"17,295",56.64%,013,05,,,,,,,,,
Bouches-du-Rhône,6th,Guy Teissier*,UDC,Lionel Royer-Perreaut,Ensemble,"16,646",57.89%,013,06,,,,,,,,,
Bouches-du-Rhône,7th,Saïd Ahamada,Ensemble,Sébastien Delogu,NUPES,"11,960",64.68%,013,07,,,,,,,,,
Bouches-du-Rhône,8th,Jean-Marc Zulesi,Ensemble,Jean-Marc Zulesi,Ensemble,"22,823",53.17%,013,08,,,,,,,,,
Bouches-du-Rhône,9th,Bernard Deflesselles*,UDC,Joëlle Mélin,RN,"23,757",58.64%,013,09,,,,,,,,,
Bouches-du-Rhône,10th,François-Michel Lambert*,LEF,José Gonzalez,RN,"27,463",59.62%,013,10,,,,,,,,,
Bouches-du-Rhône,11th,Mohamed Laqhila,Ensemble,Mohamed Laqhila,Ensemble,"20,753",55.19%,013,11,,,,,,,,,
Bouches-du-Rhône,12th,Éric Diard,UDC,Franck Allisio,RN,"19,175",51.37%,013,12,,,,,,,,,
Bouches-du-Rhône,13th,Pierre Dharréville,NUPES,Pierre Dharréville,NUPES,"20,105",52.01%,013,13,,,,,,,,,
Bouches-du-Rhône,14th,Anne-Laurence Petel,Ensemble,Anne-Laurence Petel,Ensemble,"24,245",56.85%,013,14,,,,,,,,,
Bouches-du-Rhône,15th,Bernard Reynès,UDC,Romain Baubry,RN,"25,640",53.85%,013,15,,,,,,,,,
Bouches-du-Rhône,16th,Monica Michel*,Ensemble,Emmanuel Tache de la Pagerie,RN,"20,820",54.94%,013,16,,,,,,,,,
Calvados,1st,Fabrice Le Vigoureux,Ensemble,Fabrice Le Vigoureux,Ensemble,"18,496",50.27%,014,01,,,,,,,,,
Calvados,2nd,Laurence Dumont*,NUPES,Arthur Delaporte,NUPES,"18,963",59.86%,014,02,,,,,,,,,
Calvados,3rd,Nathalie Porte,UDC,Jérémie Patrier-Leitus,Ensemble,"18,546",53.50%,014,03,,,,,,,,,
Calvados,4th,Christophe Blanchet,Ensemble,Christophe Blanchet,Ensemble,"28,922",61.08%,014,04,,,,,,,,,
Calvados,5th,Bertrand Bouyx,Ensemble,Bertrand Bouyx,Ensemble,"24,237",55.68%,014,05,,,,,,,,,
Calvados,6th,Alain Tourret*,Ensemble,Elisabeth Borne,Ensemble,"23,437",52.46%,014,06,,,,,,,,,
Cantal,1st,Vincent Descœur,UDC,Vincent Descœur,UDC,"18,165",69.02%,015,01,,,,,,,,,
Cantal,2nd,Jean-Yves Bony,UDC,Jean-Yves Bony,UDC,"15,443",70.65%,015,02,,,,,,,,,
Charente,1st,Thomas Mesnier,Ensemble,Thomas Mesnier,Ensemble,"18,854",50.03%,016,01,,,,,,,,,
Charente,2nd,Sandra Marsaud,Ensemble,Sandra Marsaud,Ensemble,"19,965",55.16%,016,02,,,,,,,,,
Charente,3rd,Jérôme Lambert,MDC,Caroline Colombier,RN,"19,980",50.24%,016,03,,,,,,,,,
Charente-Maritime,1st,Olivier Falorni,PRG,Olivier Falorni,PRG,"34,576",66.11%,017,01,,,,,,,,,
Charente-Maritime,2nd,Frédérique Tuffnell*,Ensemble,Anne-Laure Babault,Ensemble,"25,863",51.76%,017,02,,,,,,,,,
Charente-Maritime,3rd,Jean-Philippe Ardouin,Ensemble,Jean-Philippe Ardouin,Ensemble,"18,295",51.18%,017,03,,,,,,,,,
Charente-Maritime,4th,Raphaël Gérard,Ensemble,Raphaël Gérard,Ensemble,"21,447",50.90%,017,04,,,,,,,,,
Charente-Maritime,5th,Didier Quentin,UDC,Christophe Plassard,Ensemble,"28,233",51.74%,017,05,,,,,,,,,
Cher,1st,François Cormier-Bouligeon,Ensemble,François Cormier-Bouligeon,Ensemble,"17,117",57.14%,018,01,,,,,,,,,
Cher,2nd,Nadia Essayan,Ensemble,Nicolas Sansu,NUPES,"14,433",54.37%,018,02,,,,,,,,,
Cher,3rd,Loïc Kervran,Ensemble,Loïc Kervran,Ensemble,"20,435",54.93%,018,03,,,,,,,,,
Corrèze,1st,Christophe Jerretie,Ensemble,Francis Dubois,UDC,"25,825",53.80%,019,01,,,,,,,,,
Corrèze,2nd,Frédérique Meunier,UDC,Frédérique Meunier,UDC,"25,881",58.40%,019,02,,,,,,,,,
Corse-du-Sud,1st,Jean-Jacques Ferrara*,UDC,Laurent Marcangeli,Ensemble,"12,013",51.76%,02A,01,,,,,,,,,
Corse-du-Sud,2nd,Paul-André Colombani,PNC,Paul-André Colombani,PNC,"14,746",57.61%,02A,02,,,,,,,,,
Haute-Corse,1st,Michel Castellani,FaC,Michel Castellani,FaC,"13,724",63.01%,02B,01,,,,,,,,,
Haute-Corse,2nd,Jean-Félix Acquaviva,FaC,Jean-Félix Acquaviva,FaC,"16,777",50.23%,02B,02,,,,,,,,,
Côte-d'Or,1st,Didier Martin,Ensemble,Didier Martin,Ensemble,"19,473",58.03%,021,01,,,,,,,,,
Côte-d'Or,2nd,Rémi Delatte*,UDC,Benoît Bordat,Ensemble,"15,714",51.70%,021,02,,,,,,,,,
Côte-d'Or,3rd,Fadila Khattabi,Ensemble,Fadila Khattabi,Ensemble,"14,900",50.11%,021,03,,,,,,,,,
Côte-d'Or,4th,Yolaine de Courson,Ensemble,Hubert Brigand,UDC,"19,332",60.68%,021,04,,,,,,,,,
Côte-d'Or,5th,Didier Paris,Ensemble,Didier Paris,Ensemble,"20,031",54.24%,021,05,,,,,,,,,
Côtes-d'Armor,1st,Bruno Joncour,Ensemble,Mickaël Cosson,Ensemble,"24,043",52.39%,022,01,,,,,,,,,
Côtes-d'Armor,2nd,Hervé Berville,Ensemble,Hervé Berville,Ensemble,"29,411",55.83%,022,02,,,,,,,,,
Côtes-d'Armor,3rd,Marc Le Fur,UDC,Marc Le Fur,UDC,"30,012",64.87%,022,03,,,,,,,,,
Côtes-d'Armor,4th,Yannick Kerlogot,Ensemble,Murielle Lepvraud,NUPES,"21,700",53.42%,022,04,,,,,,,,,
Côtes-d'Armor,5th,Éric Bothorel,Ensemble,Éric Bothorel,Ensemble,"29,496",52.49%,022,05,,,,,,,,,
Creuse,1st,Jean-Baptiste Moreau,Ensemble,Catherine Couturier,NUPES,"21,752",51.44%,023,01,,,,,,,,,
Dordogne,1st,Philippe Chassaing,Ensemble,Pascale Martin,NUPES,"18,366",51.85%,024,01,,,,,,,,,
Dordogne,2nd,Michel Delpon,Ensemble,Serge Muller,RN,"18,891",50.44%,024,02,,,,,,,,,
Dordogne,3rd,Jean-Pierre Cubertafon,Ensemble,Jean-Pierre Cubertafon,Ensemble,"14,284",36.52%,024,03,,,,,,,,,
Dordogne,4th,Jacqueline Dubois,Ensemble,Sébastien Peytavie,NUPES,"24,233",55.52%,024,04,,,,,,,,,
Doubs,1st,Fannette Charvier*,Ensemble,Laurent Croizier,Ensemble,"17,465",51.88%,025,01,,,,,,,,,
Doubs,2nd,Éric Alauzet,Ensemble,Éric Alauzet,Ensemble,"19,255",52.26%,025,02,,,,,,,,,
Doubs,3rd,Denis Sommer*,Ensemble,Nicolas Pacquot,Ensemble,"13,754",50.83%,025,03,,,,,,,,,
Doubs,4th,Frédéric Barbier,Ensemble,Géraldine Grangier,RN,"13,357",50.99%,025,04,,,,,,,,,
Doubs,5th,Annie Genevard,UDC,Annie Genevard,UDC,"22,681",72.06%,025,05,,,,,,,,,
Drôme,1st,Mireille Clapot,Ensemble,Mireille Clapot,Ensemble,"17,769",54.42%,026,01,,,,,,,,,
Drôme,2nd,Alice Thourot,Ensemble,Lisette Pollet,RN,"21,566",57.12%,026,02,,,,,,,,,
Drôme,3rd,Célia de Lavergne,Ensemble,Marie Pochon,NUPES,"29,636",52.22%,026,03,,,,,,,,,
Drôme,4th,Emmanuelle Anthoine,UDC,Emmanuelle Anthoine,UDC,"27,077",57.90%,026,04,,,,,,,,,
Eure,1st,Séverine Gipson,Ensemble,Christine Loir,RN,"18,629",50.62%,027,01,,,,,,,,,
Eure,2nd,Fabien Gouttefarde,Ensemble,Katiana Levavasseur,RN,"17,990",51.10%,027,02,,,,,,,,,
Eure,3rd,Marie Tamarelle-Verhaeghe,Ensemble,Kévin Mauvieux,RN,"21,161",54.05%,027,03,,,,,,,,,
Eure,4th,Bruno Questel,Ensemble,Philippe Brun,NUPES,"19,825",50.44%,027,04,,,,,,,,,
Eure,5th,Claire O'Petit*,Ensemble,Timothée Houssin,RN,"19,654",50.96%,027,05,,,,,,,,,
Eure-et-Loir,1st,Guillaume Kasbarian,Ensemble,Guillaume Kasbarian,Ensemble,"22,530",58.10%,028,01,,,,,,,,,
Eure-et-Loir,2nd,Olivier Marleix,UDC,Olivier Marleix,UDC,"17,957",62.33%,028,02,,,,,,,,,
Eure-et-Loir,3rd,Luc Lamirault,Ensemble,Luc Lamirault,Ensemble,"16,055",53.96%,028,03,,,,,,,,,
Eure-et-Loir,4th,Philippe Vigier,Ensemble,Philippe Vigier,Ensemble,"17,671",60.17%,028,04,,,,,,,,,
Finistère,1st,Annaïg Le Meur,Ensemble,Annaïg Le Meur,Ensemble,"25,447",53.89%,029,01,,,,,,,,,
Finistère,2nd,Jean-Charles Larsonneur,Ensemble,Jean-Charles Larsonneur,Ensemble,"18,127",50.16%,029,02,,,,,,,,,
Finistère,3rd,Didier Le Gac,Ensemble,Didier Le Gac,Ensemble,"25,169",57.90%,029,03,,,,,,,,,
Finistère,4th,Sandrine Le Feur,Ensemble,Sandrine Le Feur,Ensemble,"22,872",54.40%,029,04,,,,,,,,,
Finistère,5th,Graziella Melchior,Ensemble,Graziella Melchior,Ensemble,"25,585",54.58%,029,05,,,,,,,,,
Finistère,6th,Richard Ferrand,Ensemble,Mélanie Thomin,NUPES,"23,948",50.85%,029,06,,,,,,,,,
Finistère,7th,Liliane Tanguy,Ensemble,Liliane Tanguy,Ensemble,"22,266",52.25%,029,07,,,,,,,,,
Finistère,8th,Erwan Balanant,Ensemble,Erwan Balanant,Ensemble,"23,292",52.43%,029,08,,,,,,,,,
Gard,1st,Françoise Dumas,Ensemble,Yoann Gillet,RN,"17,564",52.01%,030,01,,,,,,,,,
Gard,2nd,Nicolas Meizonnet,RN,Nicolas Meizonnet,RN,"22,595",56.65%,030,02,,,,,,,,,
Gard,3rd,Anthony Cellier,Ensemble,Pascal Bordes,RN,"21,619",51.32%,030,03,,,,,,,,,
Gard,4th,Annie Chapelier*,NUPES,Pierre Meurin,RN,"22,289",54.49%,030,04,,,,,,,,,
Gard,5th,Catherine Daufès-Roux,Ensemble,Michel Tola,NUPES,"23,001",53.00%,030,05,,,,,,,,,
Gard,6th,Philippe Berta,Ensemble,Philippe Berta,Ensemble,"16,921",52.17%,030,06,,,,,,,,,
Haute-Garonne,1st,Pierre Cabaré*,Ensemble,Hadrien Clouet,NUPES,"22,113",54.22%,031,01,,,,,,,,,
Haute-Garonne,2nd,Jean-Luc Lagleize,Ensemble,Anne Stambach-Terrenoir,NUPES,"26,895",52.90%,031,02,,,,,,,,,
Haute-Garonne,3rd,Corinne Vignon,Ensemble,Corinne Vignon,Ensemble,"23,780",55.71%,031,03,,,,,,,,,
Haute-Garonne,4th,Mickaël Nogal,Ensemble,François Piquemal,NUPES,"19,467",59.26%,031,04,,,,,,,,,
Haute-Garonne,5th,Jean-François Portarrieu,Ensemble,Jean-François Portarrieu,Ensemble,"23,948",51.89%,031,05,,,,,,,,,
Haute-Garonne,6th,Monique Iborra,Ensemble,Monique Iborra,Ensemble,"27,570",50.00%,031,06,,,,,,,,,
Haute-Garonne,7th,Élisabeth Toutut-Picard,Ensemble,Christophe Bex,NUPES,"23,644",51.17%,031,07,,,,,,,,,
Haute-Garonne,8th,Joël Aviragnet,NUPES,Joël Aviragnet,NUPES,"24,191",60.39%,031,08,,,,,,,,,
Haute-Garonne,9th,Sandrine Mörch,Ensemble,Christine Arrighi,NUPES,"21,748",58.55%,031,09,,,,,,,,,
Haute-Garonne,10th,Sébastien Nadot,EDD,Dominique Faure,Ensemble,"27,118",50.20%,031,10,,,,,,,,,
Gers,1st,Jean-René Cazeneuve,Ensemble,Jean-René Cazeneuve,Ensemble,"18,822",52.51%,032,01,,,,,,,,,
Gers,2nd,Gisèle Biémouret*,NUPES,David Taupiac,DVG,"22,203",62.98%,032,02,,,,,,,,,
Gironde,1st,Dominique David*,Ensemble,Thomas Cazenave,Ensemble,"28,292",59.11%,033,01,,,,,,,,,
Gironde,2nd,Catherine Fabre,Ensemble,Nicolas Thierry,NUPES,"19,433",53.34%,033,02,,,,,,,,,
Gironde,3rd,Loïc Prud'homme,NUPES,Loïc Prud'homme,NUPES,"24,066",59.27%,033,03,,,,,,,,,
Gironde,4th,Alain David,NUPES,Alain David,NUPES,"22,876",59.73%,033,04,,,,,,,,,
Gironde,5th,Benoît Simian,Ensemble,Grégoire de Fournas,RN,"26,263",53.28%,033,05,,,,,,,,,
Gironde,6th,Eric Poulliant,Ensemble,Eric Poulliant,Ensemble,"26,893",51.85%,033,06,,,,,,,,,
Gironde,7th,Bérangère Couillard,Ensemble,Bérangère Couillard,Ensemble,"20,964",52.71%,033,07,,,,,,,,,
Gironde,8th,Sophie Panonacle,Ensemble,Sophie Panonacle,Ensemble,"31,442",60.00%,033,08,,,,,,,,,
Gironde,9th,Sophie Mette,Ensemble,Sophie Mette,Ensemble,"22,950",50.49%,033,09,,,,,,,,,
Gironde,10th,Florent Boudié,Ensemble,Florent Boudié,Ensemble,"19,581",53.26%,033,10,,,,,,,,,
Gironde,11th,Véronique Hammerer,Ensemble,Edwige Diaz,RN,"25,092",58.70%,033,11,,,,,,,,,
Gironde,12th,Christelle Dubos*,Ensemble,Pascal Lavergne,Ensemble,"20,365",50.23%,033,12,,,,,,,,,
Hérault,1st,Patricia Mirallès,Ensemble,Patricia Mirallès,Ensemble,"19,338",52.55%,034,01,,,,,,,,,
Hérault,2nd,Muriel Ressiguier,NUPES,Nathalie Oziol,NUPES,"17,008",63.33%,034,02,,,,,,,,,
Hérault,3rd,Coralie Dubost*,Ensemble,Laurence Cristol,Ensemble,"22,907",53.10%,034,03,,,,,,,,,
Hérault,4th,Jean-François Eliaou,Ensemble,Sébastien Rome,NUPES,"26,291",50.65%,034,04,,,,,,,,,
Hérault,5th,Philippe Huppé,Ensemble,Stéphanie Galzy,RN,"23,695",54.24%,034,05,,,,,,,,,
Hérault,6th,Emmanuelle Ménard,RN,Emmanuelle Ménard,RN,"26,255",69.83%,034,06,,,,,,,,,
Hérault,7th,Christophe Euzet,Ensemble,Aurélien Lopez Liguori,RN,"27,378",59.19%,034,07,,,,,,,,,
Hérault,8th,Nicolas Démoulin,Ensemble,Sylvain Carrière,NUPES,"19,483",50.59%,034,08,,,,,,,,,
Hérault,9th,Patrick Vignal,Ensemble,Patrick Vignal,Ensemble,"19,520",54.37%,034,09,,,,,,,,,
Ille-et-Vilaine,1st,Vacant seat,,Frédéric Mathieu,NUPES,"25,205",52.62%,035,01,,,,,,,,,
Ille-et-Vilaine,2nd,Laurence Maillart-Méhaignerie,Ensemble,Laurence Maillart-Méhaignerie,Ensemble,"28,165",51.82%,035,02,,,,,,,,,
Ille-et-Vilaine,3rd,Claudia Rouaux,NUPES,Claudia Rouaux,NUPES,"23,784",51.53%,035,03,,,,,,,,,
Ille-et-Vilaine,4th,Gaël Le Bohec,Ensemble,Mathilde Hignet,NUPES,"22,856",50.36%,035,04,,,,,,,,,
Ille-et-Vilaine,5th,Christine Cloarec,Ensemble,Christine Cloarec,Ensemble,"29,688",58.66%,035,05,,,,,,,,,
Ille-et-Vilaine,6th,Thierry Benoit,Ensemble,Thierry Benoit,Ensemble,"26,431",61.69%,035,06,,,,,,,,,
Ille-et-Vilaine,7th,Gilles Lurton,UDC,Jean-Luc Bourgeaux,UDC,"23,705",52.23%,035,07,,,,,,,,,
Ille-et-Vilaine,8th,Florian Bachelier,Ensemble,Mickaël Bouloux,NUPES,"28,262",57.97%,035,08,,,,,,,,,
Indre,1st,François Jolivet,Ensemble,François Jolivet,Ensemble,"18,158",56.02%,036,01,,,,,,,,,
Indre,2nd,Nicolas Forissier,UDC,Nicolas Forissier,UDC,"22,507",58.19%,036,02,,,,,,,,,
Indre-et-Loire,1st,Philippe Chalumeau,Ensemble,Charles Fournier,NUPES,"17,457",53.51%,037,01,,,,,,,,,
Indre-et-Loire,2nd,Daniel Labaronne,Ensemble,Daniel Labaronne,Ensemble,"22,663",54.71%,037,02,,,,,,,,,
Indre-et-Loire,3rd,Sophie Métadier,UDC,Henri Alfandari,Ensemble,"25,792",57.16%,037,03,,,,,,,,,
Indre-et-Loire,4th,Fabienne Colboc,Ensemble,Fabienne Colboc,Ensemble,"21,185",50.52%,037,04,,,,,,,,,
Indre-et-Loire,5th,Sabine Thillaye,Ensemble,Sabine Thillaye,Ensemble,"22,055",59.06%,037,05,,,,,,,,,
Isère,1st,Camille Galliard-Minier*,Ensemble,Olivier Véran,Ensemble,"25,512",55.53%,038,01,,,,,,,,,
Isère,2nd,Jean-Charles Colas-Roy,Ensemble,Cyrielle Chatelain,NUPES,"16,992",52.13%,038,02,,,,,,,,,
Isère,3rd,Émilie Chalas,Ensemble,Élisa Martin,NUPES,"15,326",57.48%,038,03,,,,,,,,,
Isère,4th,Marie-Noëlle Battistel,NUPES,Marie-Noëlle Battistel,NUPES,"24,016",58.06%,038,04,,,,,,,,,
Isère,5th,Catherine Kamowski,Ensemble,Jérémie Iordanoff,NUPES,"25,010",50.43%,038,05,,,,,,,,,
Isère,6th,Cendra Motin,Ensemble,Alexis Jolly,RN,"18,667",50.92%,038,06,,,,,,,,,
Isère,7th,Monique Limon*,Ensemble,Yannick Neuder,UDC,"23,678",59.59%,038,07,,,,,,,,,
Isère,8th,Caroline Abadie,Ensemble,Caroline Abadie,Ensemble,"18,251",53.63%,038,08,,,,,,,,,
Isère,9th,Élodie Jacquier-Laforge,Ensemble,Élodie Jacquier-Laforge,Ensemble,"24,427",53.80%,038,09,,,,,,,,,
Isère,10th,Marjolaine Meynier-Millefert,Ensemble,Marjolaine Meynier-Millefert,Ensemble,"20,282",52.51%,038,10,,,,,,,,,
Jura,1st,Danielle Brulebois,Ensemble,Danielle Brulebois,Ensemble,"16,833",56.22%,039,01,,,,,,,,,
Jura,2nd,Marie-Christine Dalloz,UDC,Marie-Christine Dalloz,UDC,"15,380",62.10%,039,02,,,,,,,,,
Jura,3rd,Jean-Marie Sermier*,UDC,Justine Gruet,UDC,"19,397",58.46%,039,03,,,,,,,,,
Landes,1st,Fabien Lainé*,Ensemble,Geneviève Darrieussecq,Ensemble,"27,123",55.81%,040,01,,,,,,,,,
Landes,2nd,Lionel Causse,Ensemble,Lionel Causse,Ensemble,"30,305",51.94%,040,02,,,,,,,,,
Landes,3rd,Boris Vallaud,NUPES,Boris Vallaud,NUPES,"28,998",59.93%,040,03,,,,,,,,,
Loir-et-Cher,1st,Vacant seat,,Marc Fesneau,Ensemble,"20,249",56.47%,041,01,,,,,,,,,
Loir-et-Cher,2nd,Guillaume Peltier,REC,Roger Chudeau,RN,"18,107",51.07%,041,02,,,,,,,,,
Loir-et-Cher,3rd,Pascal Brindeau,UDC,Christophe Marion,Ensemble,"21,161",55.21%,041,03,,,,,,,,,
Loire,1st,Régis Juanico*,NUPES,Quentin Bataillon,Ensemble,"13,231",52.10%,042,01,,,,,,,,,
Loire,2nd,Jean-Michel Mis,Ensemble,Andrée Taurinya,NUPES,"10,488",50.63%,042,02,,,,,,,,,
Loire,3rd,Valéria Faure-Muntian*,Ensemble,Emmanuel Mandon,Ensemble,"18,807",57.32%,042,03,,,,,,,,,
Loire,4th,Dino Cinieri,UDC,Dino Cinieri,UDC,"27,847",61.61%,042,04,,,,,,,,,
Loire,5th,Nathalie Sarles,Ensemble,Antoine Vermorel-Marques,UDC,"24,575",61.72%,042,05,,,,,,,,,
Loire,6th,Julien Borowczyk,Ensemble,Jean-Pierre Taite,UDC,"25,050",55.74%,042,06,,,,,,,,,
Haute-Loire,1st,Isabelle Valentin,UDC,Isabelle Valentin,UDC,"32,478",70.22%,043,01,,,,,,,,,
Haute-Loire,2nd,Jean-Pierre Vigier,UDC,Jean-Pierre Vigier,UDC,"25,621",68.35%,043,02,,,,,,,,,
Loire-Atlantique,1st,François de Rugy*,Ensemble,Mounir Belhamiti,Ensemble,"20,367",52.08%,044,01,,,,,,,,,
Loire-Atlantique,2nd,Valérie Oppelt,Ensemble,Andy Kerbrat,NUPES,"26,851",55.80%,044,02,,,,,,,,,
Loire-Atlantique,3rd,Anne-France Brunet,Ensemble,Ségolène Amiot,NUPES,"24,837",55.70%,044,03,,,,,,,,,
Loire-Atlantique,4th,Aude Amadou,Ensemble,Julie Laernoes,NUPES,"26,411",58.03%,044,04,,,,,,,,,
Loire-Atlantique,5th,Luc Geismar*,Ensemble,Sarah El Haïry,Ensemble,"33,834",54.41%,044,05,,,,,,,,,
Loire-Atlantique,6th,Yves Daniel*,Ensemble,Jean-Claude Raux,NUPES,"26,874",52.84%,044,06,,,,,,,,,
Loire-Atlantique,7th,Sandrine Josso,Ensemble,Sandrine Josso,Ensemble,"31,074",57.06%,044,07,,,,,,,,,
Loire-Atlantique,8th,Audrey Dufeu-Schubert,Ensemble,Matthias Tavel,NUPES,"21,596",54.45%,044,08,,,,,,,,,
Loire-Atlantique,9th,Yannick Haury,Ensemble,Yannick Haury,Ensemble,"31,625",53.12%,044,09,,,,,,,,,
Loire-Atlantique,10th,Sophie Errante,Ensemble,Sophie Errante,Ensemble,"32,852",56.52%,044,10,,,,,,,,,
Loiret,1st,Stéphanie Rist,Ensemble,Stéphanie Rist,Ensemble,"20,163",57.21%,045,01,,,,,,,,,
Loiret,2nd,Caroline Janvier,Ensemble,Caroline Janvier,Ensemble,"20,535",55.78%,045,02,,,,,,,,,
Loiret,3rd,Claude de Ganay,UDC,Mathilde Paris,RN,"16,846",52.22%,045,03,,,,,,,,,
Loiret,4th,Jean-Pierre Door*,UDC,Thomas Ménagé,RN,"19,087",63.36%,045,04,,,,,,,,,
Loiret,5th,Marianne Dubois*,UDC,Anthony Brosse,Ensemble,"15,747",50.02%,045,05,,,,,,,,,
Loiret,6th,Richard Ramos,Ensemble,Richard Ramos,Ensemble,"18,865",57.27%,045,06,,,,,,,,,
Lot,1st,Aurélien Pradié,UDC,Aurélien Pradié,UDC,"25,616",64.63%,046,01,,,,,,,,,
Lot,2nd,Huguette Tiegna,Ensemble,Huguette Tiegna,Ensemble,"12,745",34.14%,046,02,,,,,,,,,
Lot-et-Garonne,1st,Michel Lauzzana,Ensemble,Michel Lauzzana,Ensemble,"20,328",51.48%,047,01,,,,,,,,,
Lot-et-Garonne,2nd,Alexandre Freschi,Ensemble,Hélène Laporte,RN,"16,516",39.44%,047,02,,,,,,,,,
Lot-et-Garonne,3rd,Olivier Damaisin,Ensemble,Annick Cousin,RN,"18,747",56.97%,047,03,,,,,,,,,
Lozère,1st,Pierre Morel-À-L'Huissier,UDC,Pierre Morel-À-L'Huissier,UDC,"17,355",54.28%,048,01,,,,,,,,,
Maine-et-Loire,1st,Matthieu Orphelin*,NUPES,François Gernigon,Ensemble,"22,724",55.52%,049,01,,,,,,,,,
Maine-et-Loire,2nd,Stella Dupont,Ensemble,Stella Dupont,Ensemble,"25,005",56.76%,049,02,,,,,,,,,
Maine-et-Loire,3rd,Anne-Laure Blin,UDC,Anne-Laure Blin,UDC,"19,020",60.65%,049,03,,,,,,,,,
Maine-et-Loire,4th,Laëtitia Saint-Paul,Ensemble,Laëtitia Saint-Paul,Ensemble,"19,913",60.33%,049,04,,,,,,,,,
Maine-et-Loire,5th,Denis Masséglia,Ensemble,Denis Masséglia,Ensemble,"19,395",60.76%,049,05,,,,,,,,,
Maine-et-Loire,6th,Nicole Dubré-Chirat,Ensemble,Nicole Dubré-Chirat,Ensemble,"24,616",57.60%,049,06,,,,,,,,,
Maine-et-Loire,7th,Philippe Bolo,Ensemble,Philippe Bolo,Ensemble,"20,865",55.56%,049,07,,,,,,,,,
Manche,1st,Philippe Gosselin,UDC,Philippe Gosselin,UDC,"27,166",68.78%,050,01,,,,,,,,,
Manche,2nd,Bertrand Sorre,Ensemble,Bertrand Sorre,Ensemble,"28,279",64.44%,050,02,,,,,,,,,
Manche,3rd,Stéphane Travert,Ensemble,Stéphane Travert,Ensemble,"27,829",56.13%,050,03,,,,,,,,,
Manche,4th,Sonia Krimi,Ensemble,Anna Pic,NUPES,"20,482",51.61%,050,04,,,,,,,,,
Marne,1st,Valérie Beauvais,UDC,Xavier Albertini,Ensemble,"15,897",55.91%,051,01,,,,,,,,,
Marne,2nd,Aina Kuric,Ensemble,Anne-Sophie Frigout,RN,"14,655",54.82%,051,02,,,,,,,,,
Marne,3rd,Éric Girardin,Ensemble,Éric Girardin,Ensemble,"16,836",51.43%,051,03,,,,,,,,,
Marne,4th,Lise Magnier,Ensemble,Lise Magnier,Ensemble,"17,294",55.33%,051,04,,,,,,,,,
Marne,5th,Charles de Courson,UDC,Charles de Courson,UDC,"21,325",63.03%,051,05,,,,,,,,,
Haute-Marne,1st,Sylvain Templier*,Ensemble,Christophe Bentz,RN,"16,201",51.25%,052,01,,,,,,,,,
Haute-Marne,2nd,François Cornut-Gentille,UDC,Laurence Robert-Dehault,RN,"13,877",51.70%,052,02,,,,,,,,,
Mayenne,1st,Guillaume Garot,NUPES,Guillaume Garot,NUPES,"20,178",63.22%,053,01,,,,,,,,,
Mayenne,2nd,Géraldine Bannier,Ensemble,Géraldine Bannier,Ensemble,"19,812",58.62%,053,02,,,,,,,,,
Mayenne,3rd,Yannick Favennec Becot,Ensemble,Yannick Favennec Becot,Ensemble,"19,187",57.13%,053,03,,,,,,,,,
Meurthe-et-Moselle,1st,Carole Grandjean,Ensemble,Carole Grandjean,Ensemble,"19,520",53.43%,054,01,,,,,,,,,
Meurthe-et-Moselle,2nd,Pascale César*,Ensemble,Emmanuel Lacresse,Ensemble,"15,689",50.26%,054,02,,,,,,,,,
Meurthe-et-Moselle,3rd,Xavier Paluszkiewicz,Ensemble,Martine Étienne,NUPES,"13,886",51.94%,054,03,,,,,,,,,
Meurthe-et-Moselle,4th,Thibault Bazin,UDC,Thibault Bazin,UDC,"24,952",62.18%,054,04,,,,,,,,,
Meurthe-et-Moselle,5th,Dominique Potier,NUPES,Dominique Potier,NUPES,"21,782",63.12%,054,05,,,,,,,,,
Meurthe-et-Moselle,6th,Caroline Fiat,NUPES,Caroline Fiat,NUPES,"16,133",50.23%,054,06,,,,,,,,,
Meuse,1st,Bertrand Pancher,UDC,Bertrand Pancher,UDC,"19,028",55.40%,055,01,,,,,,,,,
Meuse,2nd,Émilie Cariou,NUPES,Florence Goulet,RN,"13,269",53.50%,055,02,,,,,,,,,
Morbihan,1st,Hervé Pellois*,Ensemble,Anne Le Hénanff,Ensemble,"34,382",59.25%,056,01,,,,,,,,,
Morbihan,2nd,Jimmy Pahun,Ensemble,Jimmy Pahun,Ensemble,"32,026",58.60%,056,02,,,,,,,,,
Morbihan,3rd,Nicole Le Peih,Ensemble,Nicole Le Peih,Ensemble,"24,283",56.64%,056,03,,,,,,,,,
Morbihan,4th,Paul Molac,DVG,Paul Molac,DVG,"37,678",73.43%,056,04,,,,,,,,,
Morbihan,5th,Gwendal Rouillard*,Ensemble,Lysiane Metayer,Ensemble,"19,666",51.35%,056,05,,,,,,,,,
Morbihan,6th,Jean-Michel Jacques,Ensemble,Jean-Michel Jacques,Ensemble,"23,925",54.81%,056,06,,,,,,,,,
Moselle,1st,Belkhir Belhaddad,Ensemble,Belkhir Belhaddad,Ensemble,"17,532",53.59%,057,01,,,,,,,,,
Moselle,2nd,Ludovic Mendes,Ensemble,Ludovic Mendes,Ensemble,"16,764",56.41%,057,02,,,,,,,,,
Moselle,3rd,Richard Lioger,Ensemble,Charlotte Leduc,NUPES,"14,012",51.46%,057,03,,,,,,,,,
Moselle,4th,Fabien Di Filippo,UDC,Fabien Di Filippo,UDC,"22,655",69.30%,057,04,,,,,,,,,
Moselle,5th,Nicole Gries-Trisse,Ensemble,Vincent Seitlinger,UDC,"16,413",59.12%,057,05,,,,,,,,,
Moselle,6th,Christophe Arend,Ensemble,Kevin Pfeffer,RN,"12,368",56.96%,057,06,,,,,,,,,
Moselle,7th,Hélène Zannier,Ensemble,Alexandre Loubet,RN,"18,424",55.41%,057,07,,,,,,,,,
Moselle,8th,Brahim Hammouche,Ensemble,Laurent Jacobelli,RN,"15,176",52.43%,057,08,,,,,,,,,
Moselle,9th,Isabelle Rauch,Ensemble,Isabelle Rauch,Ensemble,"20,048",55.03%,057,09,,,,,,,,,
Nièvre,1st,Perrine Goulet,Ensemble,Perrine Goulet,Ensemble,"16,554",54.43%,058,01,,,,,,,,,
Nièvre,2nd,Patrice Perrot,Ensemble,Patrice Perrot,Ensemble,"15,577",36.59%,058,02,,,,,,,,,
Nord,1st,Adrien Quatennens,NUPES,Adrien Quatennens,NUPES,"17,428",65.24%,059,01,,,,,,,,,
Nord,2nd,Ugo Bernalicis,NUPES,Ugo Bernalicis,NUPES,"21,740",58.00%,059,02,,,,,,,,,
Nord,3rd,Christophe Di Pompeo,Ensemble,Benjamin Saint-Huile,DVG,"18,448",51.70%,059,03,,,,,,,,,
Nord,4th,Brigitte Liso,Ensemble,Brigitte Liso,Ensemble,"25,447",56.05%,059,04,,,,,,,,,
Nord,5th,Sébastien Huyghe,UDC,Victor Catteau,RN,"20,658",51.14%,059,05,,,,,,,,,
Nord,6th,Charlotte Lecocq,Ensemble,Charlotte Lecocq,Ensemble,"27,387",63.32%,059,06,,,,,,,,,
Nord,7th,Valérie Six,UDC,Félicie Gérard,Ensemble,"16,600",55.47%,059,07,,,,,,,,,
Nord,8th,Catherine Osson,Ensemble,David Guiraud,NUPES,"12,585",59.94%,059,08,,,,,,,,,
Nord,9th,Valérie Petit*,Ensemble,Violette Spillebout,Ensemble,"23,990",59.10%,059,09,,,,,,,,,
Nord,10th,Vincent Ledoux*,Ensemble,Gerald Darmanin,Ensemble,"16,193",63.60%,059,10,,,,,,,,,
Nord,11th,Florence Morlighem,Ensemble,Roger Vicot,NUPES,"22,143",56.27%,059,11,,,,,,,,,
Nord,12th,Anne-Laure Cattelot,Ensemble,Michaël Taverne,RN,"20,415",52.82%,059,12,,,,,,,,,
Nord,13th,Christian Hutin*,MDC,Christine Decodts,Ensemble,"16,524",52.37%,059,13,,,,,,,,,
Nord,14th,Paul Christophe,Ensemble,Paul Christophe,Ensemble,"22,916",53.21%,059,14,,,,,,,,,
Nord,15th,Jennifer de Temmerman*,NUPES,Pierrick Berteloot,RN,"21,367",54.09%,059,15,,,,,,,,,
Nord,16th,Alain Bruneel,NUPES,Matthieu Marchio,RN,16321,50.34%,059,16,,,,,,,,,
Nord,17th,Dimitri Houbron,Ensemble,Thibaut Francois,RN,"15,408",53.57%,059,17,,,,,,,,,
Nord,18th,Guy Bricout,UDC,Guy Bricout,UDC,"19,211",50.58%,059,18,,,,,,,,,
Nord,19th,Sébastien Chenu,RN,Sébastien Chenu,RN,"17,451",57.15%,059,19,,,,,,,,,
Nord,20th,Fabien Roussel,NUPES,Fabien Roussel,NUPES,"16,439",54.50%,059,20,,,,,,,,,
Nord,21st,Béatrice Descamps,UDC,Béatrice Descamps,UDC,"17,199",57.12%,059,21,,,,,,,,,
Oise,1st,Victor Habert-Dassault,UDC,Victor Habert-Dassault,UDC,"20,480",58.34%,060,01,,,,,,,,,
Oise,2nd,Agnès Thill,UDC,Philippe Ballard,RN,"21,451",55.83%,060,02,,,,,,,,,
Oise,3rd,Pascal Bois,Ensemble,Alexandre Sabatou,RN,"14,066",52.42%,060,03,,,,,,,,,
Oise,4th,Éric Woerth,Ensemble,Éric Woerth,Ensemble,"21,201",54.35%,060,04,,,,,,,,,
Oise,5th,Pierre Vatin,UDC,Pierre Vatin,UDC,"18,430",59.78%,060,05,,,,,,,,,
Oise,6th,Carole Bureau-Bonnard,Ensemble,Michel Guiniot,RN,"17,135",52.55%,060,06,,,,,,,,,
Oise,7th,Maxime Minot,UDC,Maxime Minot,UDC,"18,442",56.74%,060,07,,,,,,,,,
Orne,1st,Chantal Jourdan,NUPES,Chantal Jourdan,NUPES,"14,776",50.20%,061,01,,,,,,,,,
Orne,2nd,Véronique Louwagie,UDC,Véronique Louwagie,UDC,18 118,60.80%,061,02,,,,,,,,,
Orne,3rd,Jérôme Nury,UDC,Jérôme Nury,UDC,"21,603",69.66%,061,03,,,,,,,,,
Pas-de-Calais,1st,Bruno Duvergé,Ensemble,Emmanuel Blairy,RN,"27,380",55.77%,062,01,,,,,,,,,
Pas-de-Calais,2nd,Jacqueline Maquet,Ensemble,Jacqueline Maquet,Ensemble,"20,971",54.73%,062,02,,,,,,,,,
Pas-de-Calais,3rd,Emmanuel Blairy,RN,Jean-Marc Tellier,NUPES,"16,294",50.11%,062,03,,,,,,,,,
Pas-de-Calais,4th,Robert Therry*,UDC,Philippe Fait,Ensemble,"23,331",56.36%,062,04,,,,,,,,,
Pas-de-Calais,5th,Jean-Pierre Pont,Ensemble,Jean-Pierre Pont,Ensemble,"8,102",51.03%,062,05,,,,,,,,,
Pas-de-Calais,6th,Christophe Leclercq*,Ensemble,Christine Engrand,RN,"21,858",50.06%,062,06,,,,,,,,,
Pas-de-Calais,7th,Pierre-Henri Dumont,UDC,Pierre-Henri Dumont,UDC,"20,132",55.83%,062,07,,,,,,,,,
Pas-de-Calais,8th,Benoît Potterie,Ensemble,Bertrand Petit,DVG,"22,801",55.82%,062,08,,,,,,,,,
Pas-de-Calais,9th,Marguerite Deprez-Audebert,Ensemble,Caroline Parmentier,RN,"18,587",53.31%,062,09,,,,,,,,,
Pas-de-Calais,10th,Myriane Houplain,REC,Thierry Frappé,RN,"22,685",65.40%,062,10,,,,,,,,,
Pas-de-Calais,11th,Marine Le Pen,RN,Marine Le Pen,RN,"22,301",61.03%,062,11,,,,,,,,,
Pas-de-Calais,12th,Bruno Bilde,RN,Bruno Bilde,RN,"20,855",56.30%,062,12,,,,,,,,,
Puy-de-Dôme,1st,Valérie Thomas,Ensemble,Marianne Maximi,NUPES,"18,189",52.23%,063,01,,,,,,,,,
Puy-de-Dôme,2nd,Christine Pirès-Beaune,NUPES,Christine Pirès-Beaune,NUPES,"26,613",63.84%,063,02,,,,,,,,,
Puy-de-Dôme,3rd,Laurence Vichnievsky,Ensemble,Laurence Vichnievsky,Ensemble,"23,042",53.09%,063,03,,,,,,,,,
Puy-de-Dôme,4th,Michel Fanget,Ensemble,Delphine Lingemann,Ensemble,"22,680",50.13%,063,04,,,,,,,,,
Puy-de-Dôme,5th,André Chassaigne,NUPES,André Chassaigne,NUPES,"30,966",69.43%,063,05,,,,,,,,,
Pyrénées-Atlantiques,1st,Josy Poueyto,Ensemble,Josy Poueyto,Ensemble,"16,929",50.78%,064,01,,,,,,,,,
Pyrénées-Atlantiques,2nd,Jean-Paul Mattei,Ensemble,Jean-Paul Mattei,Ensemble,"21,720",54.71%,064,02,,,,,,,,,
Pyrénées-Atlantiques,3rd,David Habib,DVG,David Habib,DVG,"26,414",66.55%,064,03,,,,,,,,,
Pyrénées-Atlantiques,4th,Jean Lassalle*,RES,Iñaki Echaniz,NUPES,"19,936",50.11%,064,04,,,,,,,,,
Pyrénées-Atlantiques,5th,Florence Lasserre-David,Ensemble,Florence Lasserre-David,Ensemble,"24,184",54.40%,064,05,,,,,,,,,
Pyrénées-Atlantiques,6th,Vincent Bru,Ensemble,Vincent Bru,Ensemble,"27,994",60.21%,064,06,,,,,,,,,
Hautes-Pyrénées,1st,Jean-Bernard Sempastous,Ensemble,Sylvie Ferrer,NUPES,"20,657",50.13%,065,01,,,,,,,,,
Hautes-Pyrénées,2nd,Jeanine Dubié*,PRG,Benoît Mournet,Ensemble,"21,073",52.28%,065,02,,,,,,,,,
Pyrénées-Orientales,1st,Romain Grau,Ensemble,Sophie Blanc,RN,"15,859",53.87%,066,01,,,,,,,,,
Pyrénées-Orientales,2nd,Catherine Pujol*,RN,Anaïs Sabatini,RN,"26,682",61.23%,066,02,,,,,,,,,
Pyrénées-Orientales,3rd,Laurence Gayte,Ensemble,Sandrine Dogor-Such,RN,"19,299",54.11%,066,03,,,,,,,,,
Pyrénées-Orientales,4th,Sébastien Cazenove,Ensemble,Michèle Martinez,RN,"24,332",56.28%,066,04,,,,,,,,,
Bas-Rhin,1st,Thierry Michels*,Ensemble,Sandra Regol,NUPES,"15,569",51.47%,067,01,,,,,,,,,
Bas-Rhin,2nd,Sylvain Waserman,Ensemble,Emmanuel Fernandes,NUPES,"16,990",51.23%,067,02,,,,,,,,,
Bas-Rhin,3rd,Bruno Studer,Ensemble,Bruno Studer,Ensemble,"16,357",54.53%,067,03,,,,,,,,,
Bas-Rhin,4th,Martine Wonner,EPL,Françoise Buffet,Ensemble,"26,856",66.06%,067,04,,,,,,,,,
Bas-Rhin,5th,Antoine Herth*,Ensemble,Charles Sitzenstuhl,Ensemble,"25,426",60.67%,067,05,,,,,,,,,
Bas-Rhin,6th,Philippe Meyer,UDC,Louise Morel,Ensemble,"23,080",57.90%,067,06,,,,,,,,,
Bas-Rhin,7th,Patrick Hetzel,UDC,Patrick Hetzel,UDC,"21,676",64.03%,067,07,,,,,,,,,
Bas-Rhin,8th,Frédéric Reiss*,UDC,Stéphanie Kochert,Ensemble,"21,373",56.64%,067,08,,,,,,,,,
Bas-Rhin,9th,Vincent Thiébaut,Ensemble,Vincent Thiébaut,Ensemble,"22,108",59.79%,067,09,,,,,,,,,
Haut-Rhin,1st,Yves Hemedinger,UDC,Brigitte Klinkert,Ensemble,"14,141",50.21%,068,01,,,,,,,,,
Haut-Rhin,2nd,Jacques Cattin,UDC,Hubert Ott,Ensemble,"17,947",52.90%,068,02,,,,,,,,,
Haut-Rhin,3rd,Jean-Luc Reitzer*,UDC,Didier Lemaire,Ensemble,"18,757",53.88%,068,03,,,,,,,,,
Haut-Rhin,4th,Raphaël Schellenberger,UDC,Raphaël Schellenberger,UDC,"22,161",54.98%,068,04,,,,,,,,,
Haut-Rhin,5th,Olivier Becht,Ensemble,Olivier Becht,Ensemble,"18,443",64.63%,068,05,,,,,,,,,
Haut-Rhin,6th,Bruno Fuchs,Ensemble,Bruno Fuchs,Ensemble,"18,604",55.31%,068,06,,,,,,,,,
Rhône,1st,Thomas Rudigoz,Ensemble,Thomas Rudigoz,Ensemble,"18,803",51.86%,69D,01,,,,,,,,,
Rhône,2nd,Hubert Julien-Laferrière,NUPES,Hubert Julien-Laferrière,NUPES,"20,847",51.64%,69D,02,,,,,,,,,
Rhône,3rd,Jean-Louis Touraine*,Ensemble,Marie-Charlotte Garin,NUPES,"21,105",54.79%,69D,03,,,,,,,,,
Rhône,4th,Anne Brugnera,Ensemble,Anne Brugnera,Ensemble,"24,338",59.13%,69D,04,,,,,,,,,
Rhône,5th,Blandine Brocard,Ensemble,Blandine Brocard,Ensemble,"29,199",67.32%,69D,05,,,,,,,,,
Rhône,6th,Vacant seat,,Gabriel Amard,NUPES,"20,397",55.54%,69D,06,,,,,,,,,
Rhône,7th,Anissa Khedher,Ensemble,Alexandre Vincendet,UDC,"14,801",53.44%,69D,07,,,,,,,,,
Rhône,8th,Nathalie Serre,UDC,Nathalie Serre,UDC,"21,855",50.81%,69D,08,,,,,,,,,
Rhône,9th,Bernard Perrut*,UDC,Alexandre Portier,UDC,"22,385",61.51%,69D,09,,,,,,,,,
Rhône,10th,Thomas Gassilloud,Ensemble,Thomas Gassilloud,Ensemble,"30,089",65.31%,69D,10,,,,,,,,,
Rhône,11th,Jean-Luc Fugit,Ensemble,Jean-Luc Fugit,Ensemble,"25,864",64.09%,69D,11,,,,,,,,,
Rhône,12th,Cyrille Isaac-Sibille,Ensemble,Cyrille Isaac-Sibille,Ensemble,"24,244",62.92%,69D,12,,,,,,,,,
Rhône,13th,Danièle Cazarian*,Ensemble,Sarah Tanzilli,Ensemble,"22,378",63.15%,69D,13,,,,,,,,,
Rhône,14th,Yves Blein,Ensemble,Idir Boumertit,NUPES,"13,798",56.69%,69D,14,,,,,,,,,
Haute-Saône,1st,Barbara Bessot Ballot,Ensemble,Antoine Villedieu,RN,"22,497",54.50%,070,01,,,,,,,,,
Haute-Saône,2nd,Christophe Lejeune,Ensemble,Emeric Salmon,RN,"22,245",54.38%,070,02,,,,,,,,,
Saône-et-Loire,1st,Benjamin Dirx,Ensemble,Benjamin Dirx,Ensemble,"18,349",57.25%,071,01,,,,,,,,,
Saône-et-Loire,2nd,Josiane Corneloup,UDC,Josiane Corneloup,UDC,"22,823",66.65%,071,02,,,,,,,,,
Saône-et-Loire,3rd,Rémy Rebeyrotte,Ensemble,Rémy Rebeyrotte,Ensemble,"18,593",53.75%,071,03,,,,,,,,,
Saône-et-Loire,4th,Cécile Untermaier,NUPES,Cécile Untermaier,NUPES,"19,421",56.30%,071,04,,,,,,,,,
Saône-et-Loire,5th,Raphaël Gauvain,Ensemble,Louis Margueritte,Ensemble,"17,893",52.66%,071,05,,,,,,,,,
Sarthe,1st,Damien Pichereau*,Ensemble,Julie Delpech,Ensemble,"17,300",54.90%,072,01,,,,,,,,,
Sarthe,2nd,Marietta Karamanli,NUPES,Marietta Karamanli,NUPES,"20,399",63.06%,072,02,,,,,,,,,
Sarthe,3rd,Pascale Fontenel-Personne*,Ensemble,Éric Martineau,Ensemble,"18,394",50.97%,072,03,,,,,,,,,
Sarthe,4th,Sylvie Tolmont,DVG,Élise Leboucher,NUPES,"14,891",50.15%,072,04,,,,,,,,,
Sarthe,5th,Jean-Carles Grelier,Ensemble,Jean-Carles Grelier,Ensemble,"21,174",59.51%,072,05,,,,,,,,,
Savoie,1st,Typhanie Degois*,Ensemble,Marina Ferrari,Ensemble,"24,051",59.33%,073,01,,,,,,,,,
Savoie,2nd,Vincent Rolland,UDC,Vincent Rolland,UDC,"20,474",64.08%,073,02,,,,,,,,,
Savoie,3rd,Émilie Bonnivard,UDC,Émilie Bonnivard,UDC,"23,149",65.54%,073,03,,,,,,,,,
Savoie,4th,Patrick Mignola,Ensemble,Jean-François Coulomme,NUPES,"18,083",50.85%,073,04,,,,,,,,,
Haute-Savoie,1st,Véronique Riotton,Ensemble,Véronique Riotton,Ensemble,"29,312",62.65%,074,01,,,,,,,,,
Haute-Savoie,2nd,Jacques Rey*,Ensemble,Antoine Armand,Ensemble,"25,809",59.88%,074,02,,,,,,,,,
Haute-Savoie,3rd,Christelle Petex-Levet,UDC,Christelle Petex-Levet,UDC,"23,882",63.36%,074,03,,,,,,,,,
Haute-Savoie,4th,Virginie Duby-Muller,UDC,Virginie Duby-Muller,UDC,"23,171",66.92%,074,04,,,,,,,,,
Haute-Savoie,5th,Marion Lenne*,Ensemble,Anne-Cécile Violland,Ensemble,"23,896",60.14%,074,05,,,,,,,,,
Haute-Savoie,6th,Xavier Roseren,Ensemble,Xavier Roseren,Ensemble,"19,398",63.11%,074,06,,,,,,,,,
Paris,1st,Sylvain Maillard,Ensemble,Sylvain Maillard,Ensemble,"28,656",65.57%,075,01,,,,,,,,,
Paris,2nd,Gilles Le Gendre,Ensemble,Gilles Le Gendre,Ensemble,"25,472",63.39%,075,02,,,,,,,,,
Paris,3rd,Stanislas Guerini,Ensemble,Stanislas Guerini,Ensemble,"19,613",51.00%,075,03,,,,,,,,,
Paris,4th,Brigitte Kuster,UDC,Astrid Panosyan-Bouvet,Ensemble,"19,159",55.45%,075,04,,,,,,,,,
Paris,5th,Vacant seat,,Julien Bayou,NUPES,"24,857",58.05%,075,05,,,,,,,,,
Paris,6th,Pierre Person*,Ensemble,Sophia Chikirou,NUPES,"24,155",53.70%,075,06,,,,,,,,,
Paris,7th,Pacôme Rupin*,Ensemble,Clément Beaune,Ensemble,"22,916",50.73%,075,07,,,,,,,,,
Paris,8th,Laetitia Avia,Ensemble,Éva Sas,NUPES,"23,825",54.08%,075,08,,,,,,,,,
Paris,9th,Buon Tan,Ensemble,Sandrine Rousseau,NUPES,"20,635",58.05%,075,09,,,,,,,,,
Paris,10th,Anne-Christine Lang,Ensemble,Rodrigo Arenas,NUPES,"19,808",54.43%,075,10,,,,,,,,,
Paris,11th,Maud Gatel,Ensemble,Maud Gatel,Ensemble,"23,407",55.45%,075,11,,,,,,,,,
Paris,12th,Marie Silin*,Ensemble,Olivia Grégoire,Ensemble,"26,908",68.51%,075,12,,,,,,,,,
Paris,13th,Hugues Renson*,Ensemble,David Amiel,Ensemble,"23,982",59.86%,075,13,,,,,,,,,
Paris,14th,Sandra Boëlle*,UDC,Benjamin Haddad,Ensemble,"19,742",53.23%,075,14,,,,,,,,,
Paris,15th,Vacant seat,,Danielle Simonnet,NUPES,"20,897",58.45%,075,15,,,,,,,,,
Paris,16th,Mounir Mahjoubi*,Ensemble,Sarah Legrain,NUPES,"20,829",56.50%,075,16,,,,,,,,,
Paris,17th,Danièle Obono,NUPES,Danièle Obono,NUPES,"16,161",57.07%,075,17,,,,,,,,,
Paris,18th,Pierre-Yves Bournazel,Ensemble,Aymeric Caron,NUPES,"19,914",51.65%,075,18,,,,,,,,,
Seine-Maritime,1st,Damien Adam,Ensemble,Damien Adam,Ensemble,"15,823",50.12%,076,01,,,,,,,,,
Seine-Maritime,2nd,Annie Vidal,Ensemble,Annie Vidal,Ensemble,"26,856",59.64%,076,02,,,,,,,,,
Seine-Maritime,3rd,Hubert Wulfranc,NUPES,Hubert Wulfranc,NUPES,"18,868",70.36%,076,03,,,,,,,,,
Seine-Maritime,4th,Sira Sylla,Ensemble,Alma Dufour,NUPES,"17,764",53.72%,076,04,,,,,,,,,
Seine-Maritime,5th,Gérard Leseul,NUPES,Gerard Leseul,NUPES,"22,874",55.81%,076,05,,,,,,,,,
Seine-Maritime,6th,Sébastien Jumel,NUPES,Sébastien Jumel,NUPES,"27,801",57.81%,076,06,,,,,,,,,
Seine-Maritime,7th,Agnès Firmin Le Bodo,Ensemble,Agnès Firmin Le Bodo,Ensemble,"21,578",57.87%,076,07,,,,,,,,,
Seine-Maritime,8th,Jean-Paul Lecoq,NUPES,Jean-Paul Lecoq,NUPES,"15,117",65.76%,076,08,,,,,,,,,
Seine-Maritime,9th,Stéphanie Kerbarh,PRG,Marie-Agnès Poussier-Winsback,Ensemble,"21,352",50.84%,076,09,,,,,,,,,
Seine-Maritime,10th,Xavier Batut,Ensemble,Xavier Batut,Ensemble,"25,900",51.05%,076,10,,,,,,,,,
Seine-et-Marne,1st,Aude Luquet,Ensemble,Aude Luquet,Ensemble,"14,994",53.06%,077,01,,,,,,,,,
Seine-et-Marne,2nd,Sylvie Bouchet Bellecourt*,UDC,Frédéric Valletoux,Ensemble,"20,037",57.42%,077,02,,,,,,,,,
Seine-et-Marne,3rd,Jean-Louis Thiériot,UDC,Jean-Louis Thiériot,UDC,"18,422",56.69%,077,03,,,,,,,,,
Seine-et-Marne,4th,Christian Jacob*,UDC,Isabelle Périgault,UDC,"18,866",51.16%,077,04,,,,,,,,,
Seine-et-Marne,5th,Patricia Lemoine,Ensemble,Franck Riester,Ensemble,"17,949",53.21%,077,05,,,,,,,,,
Seine-et-Marne,6th,Bernadette Beauvais*,UDC,Béatrice Rollaud,RN,"15,399",52.12%,077,06,,,,,,,,,
Seine-et-Marne,7th,Rodrigue Kokouendo,Ensemble,Ersilia Soudais,NUPES,"16,732",51.31%,077,07,,,,,,,,,
Seine-et-Marne,8th,Jean-Michel Fauvergue*,Ensemble,Hadrien Ghomi,Ensemble,"19,323",50.01%,077,08,,,,,,,,,
Seine-et-Marne,9th,Michèle Peyron,Ensemble,Michèle Peyron,Ensemble,"17,454",52.63%,077,09,,,,,,,,,
Seine-et-Marne,10th,Stéphanie Do,Ensemble,Maxime Laisney,NUPES,"17,724",54.36%,077,10,,,,,,,,,
Seine-et-Marne,11th,Olivier Faure,NUPES,Olivier Faure,NUPES,"15,453",64.45%,077,11,,,,,,,,,
Yvelines,1st,Didier Baichère,Ensemble,Didier Baichère,Ensemble,"25,707",63.31%,078,01,,,,,,,,,
Yvelines,2nd,Jean-Noël Barrot,Ensemble,Jean-Noël Barrot,Ensemble,"28,559",64.27%,078,02,,,,,,,,,
Yvelines,3rd,Béatrice Piron,Ensemble,Béatrice Piron,Ensemble,"28,327",71.40%,078,03,,,,,,,,,
Yvelines,4th,Marie Lebec,Ensemble,Marie Lebec,Ensemble,"25,888",65.69%,078,04,,,,,,,,,
Yvelines,5th,Yaël Braun-Pivet,Ensemble,Yaël Braun-Pivet,Ensemble,"23,336",64.62%,078,05,,,,,,,,,
Yvelines,6th,Natalia Pouzyreff,Ensemble,Natalia Pouzyreff,Ensemble,"22,244",64.52%,078,06,,,,,,,,,
Yvelines,7th,Michèle de Vaucouleurs*,Ensemble,Nadia Hai,Ensemble,"19,889",55.78%,078,07,,,,,,,,,
Yvelines,8th,Michel Vialay,UDC,Benjamin Lucas,NUPES,"15,849",56.41%,078,08,,,,,,,,,
Yvelines,9th,Bruno Millienne,Ensemble,Bruno Millienne,Ensemble,"21,452",57.85%,078,09,,,,,,,,,
Yvelines,10th,Aurore Bergé,Ensemble,Aurore Bergé,Ensemble,"28,169",63.27%,078,10,,,,,,,,,
Yvelines,11th,Philippe Benassaya,UDC,William Martinet,NUPES,"15,760",50.18%,078,11,,,,,,,,,
Yvelines,12th,Florence Granjus*,Ensemble,Karl Olive,Ensemble,"20,069",59.94%,078,12,,,,,,,,,
Deux-Sèvres,1st,Guillaume Chiche,DVG,Bastien Marchive,Ensemble,"22,511",51.99%,079,01,,,,,,,,,
Deux-Sèvres,2nd,Delphine Batho,NUPES,Delphine Batho,NUPES,"25,011",57.88%,079,02,,,,,,,,,
Deux-Sèvres,3rd,Jean-Marie Fiévet,Ensemble,Jean-Marie Fiévet,Ensemble,"20,675",58.27%,079,03,,,,,,,,,
Somme,1st,François Ruffin,NUPES,François Ruffin,NUPES,"19,731",61.01%,080,01,,,,,,,,,
Somme,2nd,Cécile Delpirou*,Ensemble,Barbara Pompili,Ensemble,"18,162",53.13%,080,02,,,,,,,,,
Somme,3rd,Emmanuel Maquet,UDC,Emmanuel Maquet,UDC,"21,266",53.81%,080,03,,,,,,,,,
Somme,4th,Jean-Claude Leclabart,Ensemble,Jean-Phillippe Tanguy,RN,"21,136",54.59%,080,04,,,,,,,,,
Somme,5th,Grégory Labille,UDC,Yaël Ménache,RN,"20,859",60.79%,080,05,,,,,,,,,
Tarn,1st,Muriel Roques-Étienne,Ensemble,Frédéric Cabrolier,RN,"19,125",53.09%,081,01,,,,,,,,,
Tarn,2nd,Marie-Christine Verdier-Jouclas,Ensemble,Karen Erodi,NUPES,"22,633",37.50%,081,02,,,,,,,,,
Tarn,3rd,Jean Terlier,Ensemble,Jean Terlier,Ensemble,"25,496",53.71%,081,03,,,,,,,,,
Tarn-et-Garonne,1st,Valérie Rabault,NUPES,Valérie Rabault,NUPES,"25,327",58.29%,082,01,,,,,,,,,
Tarn-et-Garonne,2nd,Sylvia Pinel,PRG,Marine Hamelet,RN,"23,678",54.99%,082,02,,,,,,,,,
Var,1st,Geneviève Levy*,Ensemble,Yannick Chenevard,Ensemble,"15,649",53.49%,083,01,,,,,,,,,
Var,2nd,Cécile Muschotti*,Ensemble,Laure Lavalette,RN,"19,756",51.64%,083,02,,,,,,,,,
Var,3rd,Édith Audibert*,UDC,Stéphane Rambaud,RN,"23,307",50.42%,083,03,,,,,,,,,
Var,4th,Sereine Mauborgne,Ensemble,Philippe Lottiaux,RN,"25,581",53.65%,083,04,,,,,,,,,
Var,5th,Philippe Michel-Kleisbauer,Ensemble,Julie Lechanteux,RN,"24,342",55.98%,083,05,,,,,,,,,
Var,6th,Valérie Gomez-Bassac,Ensemble,Frank Giletti,RN,"30,241",56.63%,083,06,,,,,,,,,
Var,7th,Émilie Guerel,Ensemble,Frédéric Boccaletti,RN,"22,311",52.05%,083,07,,,,,,,,,
Var,8th,Fabien Matras,Ensemble,Philippe Schreck,RN,"25,576",54.93%,083,08,,,,,,,,,
Vaucluse,1st,Souad Zitouni,Ensemble,Joris Hébrard,RN,"14,721",51.14%,084,01,,,,,,,,,
Vaucluse,2nd,Jean-Claude Bouchet*,UDC,Bénédicte Auzanot,RN,"19,210",52.18%,084,02,,,,,,,,,
Vaucluse,3rd,Adrien Morenas,Ensemble,Hervé de Lépinau,RN,"19,604",58.82%,084,03,,,,,,,,,
Vaucluse,4th,Marie-France Lorho,RN,Marie-France Lorho,RN,"21,878",56.96%,084,04,,,,,,,,,
Vaucluse,5th,Julien Aubert,UDC,Jean-François Lovisolo,Ensemble,"18,564",50.79%,084,05,,,,,,,,,
Vendée,1st,Philippe Latombe,Ensemble,Philippe Latombe,Ensemble,"27,885",56.73%,085,01,,,,,,,,,
Vendée,2nd,Patrick Loiseau,Ensemble,Béatrice Bellamy,Ensemble,"28,722",58.42%,085,02,,,,,,,,,
Vendée,3rd,Stéphane Buchou,Ensemble,Stéphane Buchou,Ensemble,"36,145",61.48%,085,03,,,,,,,,,
Vendée,4th,Martine Leguille-Balloy,Ensemble,Véronique Besse,DVD,"23,336",59.69%,085,04,,,,,,,,,
Vendée,5th,Pierre Henriet,Ensemble,Pierre Henriet,Ensemble,"22,296",60.94%,085,05,,,,,,,,,
Vienne,1st,Françoise Ballet-Blu,Ensemble,Lisa Belluco,NUPES,"18,918",51.36%,086,01,,,,,,,,,
Vienne,2nd,Sacha Houlié,Ensemble,Sacha Houlié,Ensemble,"20,267",51.19%,086,02,,,,,,,,,
Vienne,3rd,Jean-Michel Clément,PP,Pascal Lecamp,Ensemble,"17,496",54.14%,086,03,,,,,,,,,
Vienne,4th,Nicolas Turquois,Ensemble,Nicolas Turquois,Ensemble,"16,938",54.58%,086,04,,,,,,,,,
Haute-Vienne,1st,Sophie Beaudouin-Hubière,Ensemble,Damien Maudet,NUPES,"20,710",53.41,087,01,,,,,,,,,
Haute-Vienne,2nd,Pierre Venteau*,Ensemble,Stéphane Delautrette,NUPES,"26,730",61.47%,087,02,,,,,,,,,
Haute-Vienne,3rd,Marie-Ange Magne*,Ensemble,Manon Meunier,NUPES,"19,551",52.10%,087,03,,,,,,,,,
Vosges,1st,Stéphane Viry,UDC,Stéphane Viry,UDC,"21,445",67.23%,088,01,,,,,,,,,
Vosges,2nd,Gérard Cherpion*,UDC,David Valence,Ensemble,"15,823",50.55%,088,02,,,,,,,,,
Vosges,3rd,Christophe Naegelen,UDC,Christophe Naegelen,UDC,"21,035",74.27%,088,03,,,,,,,,,
Vosges,4th,Jean-Jacques Gaultier,UDC,Jean-Jacques Gaultier,UDC,"15,441",51.91%,088,04,,,,,,,,,
Yonne,1st,Guillaume Larrivé,UDC,Daniel Grenon,RN,"16,864",51.10%,089,01,,,,,,,,,
Yonne,2nd,André Villiers,Ensemble,André Villiers,Ensemble,"16,760",51.34%,089,02,,,,,,,,,
Yonne,3rd,Michèle Crouzet,Ensemble,Julien Odoul,RN,"21,429",55.84%,089,03,,,,,,,,,
Territoire de Belfort,1st,Ian Boucard,UDC,Ian Boucard,UDC,"12,037",61.61%,090,01,,,,,,,,,
Territoire de Belfort,2nd,Michel Zumkeller,UDC,Florian Chauche,NUPES,"9,476",51.37%,090,02,,,,,,,,,
Essonne,1st,Francis Chouat*,Ensemble,Farida Amrani,NUPES,"15,471",59.83%,091,01,,,,,,,,,
Essonne,2nd,Bernard Bouley*,UDC,Nathalie da Conceicao Carvalho,RN,"19,607",53.27%,091,02,,,,,,,,,
Essonne,3rd,Laëtitia Romeiro Dias*,Ensemble,Alexis Izard,Ensemble,"22,706",51.18%,091,03,,,,,,,,,
Essonne,4th,Marie-Pierre Rixain,Ensemble,Marie-Pierre Rixain,Ensemble,"24,962",55.65%,091,04,,,,,,,,,
Essonne,5th,Cédric Villani,NUPES,Paul Midy,Ensemble,"18,687",50.02%,091,05,,,,,,,,,
Essonne,6th,Stéphanie Atger*,Ensemble,Jérôme Guedj,NUPES,"21,213",53.70%,091,06,,,,,,,,,
Essonne,7th,Robin Reda,Ensemble,Robin Reda,Ensemble,"15,935",50.34%,091,07,,,,,,,,,
Essonne,8th,Nicolas Dupont-Aignan,DLF,Nicolas Dupont-Aignan,DLF,"19,306",57.26%,091,08,,,,,,,,,
Essonne,9th,Marie Guévenoux,Ensemble,Marie Guévenoux,Ensemble,"17,005",51.27%,091,09,,,,,,,,,
Essonne,10th,Pierre-Alain Raphan,Ensemble,Antoine Léaument,NUPES,"13,321",55.21%,091,10,,,,,,,,,
Hauts-de-Seine,1st,Elsa Faucillon,NUPES,Elsa Faucillon,NUPES,"16,934",70.17%,092,01,,,,,,,,,
Hauts-de-Seine,2nd,Bénédicte Pételle*,Ensemble,Francesca Pasquini,NUPES,"13,995",35.55%,092,02,,,,,,,,,
Hauts-de-Seine,3rd,Christine Hennion*,Ensemble,Philippe Juvin,UDC,"17,083",38.00%,092,03,,,,,,,,,
Hauts-de-Seine,4th,Isabelle Florennes,Ensemble,Sabrina Sebaihi,NUPES,"18,520",51.00%,092,04,,,,,,,,,
Hauts-de-Seine,5th,Céline Calvez,Ensemble,Céline Calvez,Ensemble,"21,584",59.73%,092,05,,,,,,,,,
Hauts-de-Seine,6th,Constance Le Grip,Ensemble,Constance Le Grip,Ensemble,"27,688",74.19%,092,06,,,,,,,,,
Hauts-de-Seine,7th,Jacques Marilossian*,Ensemble,Pierre Cazeneuve,Ensemble,"30,710",72.06%,092,07,,,,,,,,,
Hauts-de-Seine,8th,Jacques Maire*,Ensemble,Prisca Thévenot,Ensemble,"23,431",65.75%,092,08,,,,,,,,,
Hauts-de-Seine,9th,Thierry Solère*,Ensemble,Emmanuel Pellerin,Ensemble,"15,838",53.91%,092,09,,,,,,,,,
Hauts-de-Seine,10th,Florence Provendier*,Ensemble,Gabriel Attal,Ensemble,"24,047",59.85%,092,10,,,,,,,,,
Hauts-de-Seine,11th,Laurianne Rossi,Ensemble,Aurélien Saintoul,NUPES,"19,583",54.76%,092,11,,,,,,,,,
Hauts-de-Seine,12th,Jean-Louis Bourlanges,Ensemble,Jean-Louis Bourlanges,Ensemble,"27,386",57.53%,092,12,,,,,,,,,
Hauts-de-Seine,13th,Frédérique Dumas*,NUPES,Maud Bregeon,Ensemble,"27,864",59.11%,092,13,,,,,,,,,
Seine-Saint-Denis,1st,Éric Coquerel,NUPES,Éric Coquerel,NUPES,"17,456",71.68%,093,01,,,,,,,,,
Seine-Saint-Denis,2nd,Stéphane Peu,NUPES,Stéphane Peu,NUPES,"13,180",78.70%,093,02,,,,,,,,,
Seine-Saint-Denis,3rd,Patrice Anato,Ensemble,Thomas Portes,NUPES,"17,085",53.96%,093,03,,,,,,,,,
Seine-Saint-Denis,4th,Marie-George Buffet*,NUPES,Soumya Bourouaha,NUPES,"12,832",100.00%,093,04,,,,,,,,,
Seine-Saint-Denis,5th,Jean-Christophe Lagarde,UDC,Raquel Garrido,NUPES,"13,107",53.49%,093,05,,,,,,,,,
Seine-Saint-Denis,6th,Bastien Lachaud,NUPES,Bastien Lachaud,NUPES,"16,046",75.40%,093,06,,,,,,,,,
Seine-Saint-Denis,7th,Alexis Corbière,NUPES,Alexis Corbière,NUPES,"22,718",62.94%,093,07,,,,,,,,,
Seine-Saint-Denis,8th,Sylvie Charrière,Ensemble,Fatiha Keloua Hachi,NUPES,"13,169",53.57%,093,08,,,,,,,,,
Seine-Saint-Denis,9th,Sabine Rubin*,NUPES,Aurélie Trouvé,NUPES,"20,285",69.24%,093,09,,,,,,,,,
Seine-Saint-Denis,10th,Alain Ramadier,UDC,Nadège Abomangoli,NUPES,"14,228",55.53%,093,10,,,,,,,,,
Seine-Saint-Denis,11th,Clémentine Autain,NUPES,Clémentine Autain,NUPES,"14,228",55.53%,093,11,,,,,,,,,
Seine-Saint-Denis,12th,Stéphane Testé,Ensemble,Jérôme Legavre,NUPES,"11,296",100.00%,093,12,,,,,,,,,
Val-de-Marne,1st,Frédéric Descrozaille,Ensemble,Frédéric Descrozaille,Ensemble,"23,949",59.09%,094,01,,,,,,,,,
Val-de-Marne,2nd,Jean François Mbaye,Ensemble,Clémence Guetté,NUPES,"16,523",64.20%,094,02,,,,,,,,,
Val-de-Marne,3rd,Laurent Saint-Martin,Ensemble,Louis Boyard,NUPES,"15,087",51.98%,094,03,,,,,,,,,
Val-de-Marne,4th,Maud Petit,Ensemble,Maud Petit,Ensemble,"18,050",55.98%,094,04,,,,,,,,,
Val-de-Marne,5th,Gilles Carrez*,UDC,Mathieu Lefevre,Ensemble,"23,010",56.47%,094,05,,,,,,,,,
Val-de-Marne,6th,Guillaume Gouffier-Cha,Ensemble,Guillaume Gouffier-Cha,Ensemble,"23,416",54.36%,094,06,,,,,,,,,
Val-de-Marne,7th,Jean-Jacques Bridey*,Ensemble,Rachel Kéké,NUPES,"14,663",50.30%,094,07,,,,,,,,,
Val-de-Marne,8th,Michel Herbillon,UDC,Michel Herbillon,UDC,"25,641",63.27%,094,08,,,,,,,,,
Val-de-Marne,9th,Isabelle Santiago,NUPES,Isabelle Santiago,NUPES,"13,771",67.25%,094,09,,,,,,,,,
Val-de-Marne,10th,Mathilde Panot,NUPES,Mathilde Panot,NUPES,"18,739",67.63%,094,10,,,,,,,,,
Val-de-Marne,11th,Albane Gaillot*,NUPES,Sophie Taillé-Polian,NUPES,"17,977",63.32%,094,11,,,,,,,,,
Val-d'Oise,1st,Antoine Savignat,UDC,Émilie Chandler,Ensemble,"18,777",52.53%,095,01,,,,,,,,,
Val-d'Oise,2nd,Guillaume Vuilletet,Ensemble,Guillaume Vuilletet,Ensemble,"17,462",53.25%,095,02,,,,,,,,,
Val-d'Oise,3rd,Cécile Rilhac,Ensemble,Cécile Rilhac,Ensemble,"21,200",52.16%,095,03,,,,,,,,,
Val-d'Oise,4th,Naïma Moutchou,Ensemble,Naïma Moutchou,Ensemble,"17,869",53.43%,095,04,,,,,,,,,
Val-d'Oise,5th,Fiona Lazaar,Ensemble,Paul Vannier,NUPES,"15,645",63.71%,095,05,,,,,,,,,
Val-d'Oise,6th,Nathalie Élimas,Ensemble,Estelle Folset,Ensemble,"17,245",53.47%,095,06,,,,,,,,,
Val-d'Oise,7th,Dominique Da Silva,Ensemble,Dominique Da Silva,Ensemble,"13,936",50.37%,095,07,,,,,,,,,
Val-d'Oise,8th,François Pupponi,Ensemble,Carlos Martens Bilongo,NUPES,"11,282",61.72%,095,08,,,,,,,,,
Val-d'Oise,9th,Zivka Park,Ensemble,Arnaud Le Gall,NUPES,"13,432",56.42%,095,09,,,,,,,,,
Val-d'Oise,10th,Aurélien Taché,NUPES,Aurélien Taché,NUPES,"14,636",55.76%,095,10,,,,,,,,,